{"cameraMode":{"drawMode":0,"name":"Shaded","section":"Shading Mode"},"sceneLighting":false,"audioPlay":false,"sceneViewState":{"m_AlwaysRefresh":true,"showFog":true,"showSkybox":false,"showFlares":true,"showImageEffects":true,"showParticleSystems":true,"showVisualEffectGraphs":true,"m_FxEnabled":false},"in2DMode":false,"pivot":{"x":-0.4910859167575836,"y":-5.031964302062988,"z":-0.009122639894485474},"rotation":{"x":0.16484493017196656,"y":-0.16544558107852937,"z":0.02805192582309246,"w":0.971958339214325},"size":1.2747206687927247,"orthographic":false}