{"cameraMode":{"drawMode":0,"name":"Shaded","section":"Shading Mode"},"sceneLighting":false,"audioPlay":false,"sceneViewState":{"m_AlwaysRefresh":true,"showFog":true,"showSkybox":false,"showFlares":true,"showImageEffects":true,"showParticleSystems":true,"showVisualEffectGraphs":true,"m_FxEnabled":false},"in2DMode":false,"pivot":{"x":-12.958839416503907,"y":3.277764081954956,"z":1.723167896270752},"rotation":{"x":-0.007306721061468124,"y":0.9852120280265808,"z":-0.16557064652442933,"w":-0.043477993458509448},"size":0.5107582807540894,"orthographic":false}