{"cameraMode":{"drawMode":0,"name":"Shaded","section":"Shading Mode"},"sceneLighting":false,"audioPlay":false,"sceneViewState":{"m_AlwaysRefresh":true,"showFog":true,"showSkybox":false,"showFlares":true,"showImageEffects":true,"showParticleSystems":true,"showVisualEffectGraphs":true,"m_FxEnabled":false},"in2DMode":false,"pivot":{"x":-11.861331939697266,"y":1.1536906957626343,"z":-5.11276388168335},"rotation":{"x":0.16083261370658875,"y":-0.07454139739274979,"z":0.012181583791971207,"w":0.9840913414955139},"size":1.273683786392212,"orthographic":false}