{"cameraMode":{"drawMode":0,"name":"Shaded","section":"Shading Mode"},"sceneLighting":true,"audioPlay":false,"sceneViewState":{"m_AlwaysRefresh":true,"showFog":true,"showSkybox":true,"showFlares":true,"showImageEffects":true,"showParticleSystems":true,"showVisualEffectGraphs":true,"m_FxEnabled":false},"in2DMode":false,"pivot":{"x":10.054452896118164,"y":-13.062664031982422,"z":56.83837127685547},"rotation":{"x":0.11200001835823059,"y":0.06790311634540558,"z":-0.00781694334000349,"w":0.9914351105690002},"size":53.07107162475586,"orthographic":false}