{"cameraMode":{"drawMode":0,"name":"Shaded","section":"Shading Mode"},"sceneLighting":true,"audioPlay":false,"sceneViewState":{"m_AlwaysRefresh":true,"showFog":true,"showSkybox":true,"showFlares":true,"showImageEffects":true,"showParticleSystems":true,"showVisualEffectGraphs":true,"m_FxEnabled":false},"in2DMode":false,"pivot":{"x":61.327144622802737,"y":-14.614410400390625,"z":32.402557373046878},"rotation":{"x":0.09134149551391602,"y":0.027770135551691057,"z":-0.002682620659470558,"w":0.9955115914344788},"size":19.051027297973634,"orthographic":false}