{"cameraMode":{"drawMode":0,"name":"Shaded","section":"Shading Mode"},"sceneLighting":true,"audioPlay":false,"sceneViewState":{"m_AlwaysRefresh":true,"showFog":true,"showSkybox":true,"showFlares":true,"showImageEffects":true,"showParticleSystems":true,"showVisualEffectGraphs":true,"m_FxEnabled":false},"in2DMode":false,"pivot":{"x":-3.9740488529205324,"y":-5.427858352661133,"z":7.899898529052734},"rotation":{"x":0.041987232863903049,"y":-0.005097628571093082,"z":0.00021425790328066796,"w":0.999107837677002},"size":13.355195999145508,"orthographic":false}